[
  {
    "items": 5,
    "address": "140 Broadway, New York, NY",
    "total": 38,
    "date": "May 15, 2017"
  },
  {
    "items": 2,
    "address": "100 Main St, Newark, NJ",
    "total": 15,
    "date": "June 3, 2017"
  },
  {
    "items": 6,
    "address": "345 Exta Rd, Portland, OR",
    "total": 64,
    "date": "March 15, 2017"
  },
  {
    "items": 8,
    "address": "42 Fake Ln, Houston, TX",
    "total": 102,
    "date": "January 8, 2018"
  },
  {
    "items": 14,
    "address": "10032 Ratatat Rd, Atlanta, GA",
    "total": 52,
    "date": "October 31, 2017"
  },
  {
    "items": 6,
    "address": "11 Makeshift St, San Francisco, CA",
    "total": 473,
    "date": "December 12, 2017"
  },
  {
    "items": 30,
    "address": "532 Expo Dr, Las Vegas, NV",
    "total": 14,
    "date": "June 23, 2017"
  },
  {
    "items": 21,
    "address": "6382 Penny Ln, Orlando, FL",
    "total": 46,
    "date": "April 1, 2017"
  }
]